{
    "best_model_type": "lightgbm",
    "xgb_cv_metrics": {
        "precision": 0.8199604275196417,
        "recall": 0.6712868080305308,
        "f1": 0.7379863559348708,
        "auc": 0.9091696067909719
    },
    "lgb_cv_metrics": {
        "precision": 0.821331679904379,
        "recall": 0.6736575634353821,
        "f1": 0.739936311462625,
        "auc": 0.9096167476034249
    },
    "feature_importances": {
        "skill_overlap_ratio": 0.07724129318033682,
        "experience_gap": 0.08908051490338684,
        "degree_match": 0.009574067044220836,
        "tfidf_similarity": 0.8241041248720556
    }
}