{
    "best_model_type": "lightgbm",
    "xgb_cv_metrics": {
        "precision": 0.8192366391766814,
        "recall": 0.66915856882992,
        "f1": 0.7363321560017082,
        "auc": 0.9089967616676375
    },
    "lgb_cv_metrics": {
        "precision": 0.8220357139938373,
        "recall": 0.6712590902566548,
        "f1": 0.7388220550284055,
        "auc": 0.9093111928157992
    },
    "feature_importances": {
        "skill_overlap_ratio": 0.07687931108852317,
        "experience_gap": 0.08383504252136052,
        "degree_match": 0.014492103440527515,
        "tfidf_similarity": 0.8247935429495888
    }
}