{
    "best_model_type": "xgboost",
    "xgb_cv_metrics": {
        "precision": 0.8210688141446998,
        "recall": 0.6718328824852104,
        "f1": 0.7387611820637792,
        "auc": 0.9083717055655323
    },
    "lgb_cv_metrics": {
        "precision": 0.8215863449938354,
        "recall": 0.6728913033240899,
        "f1": 0.739600549229015,
        "auc": 0.9082905686342171
    },
    "feature_importances": {
        "skill_overlap_ratio": 0.09513470886169101,
        "experience_gap": 0.07633861932387093,
        "degree_match": 0.054428392525310676,
        "tfidf_similarity": 0.7740982792891274
    }
}